request_id,amount_safe_to_pay,affordability_status,recommended_payment_method,payment_plan,earliest_date_for_full_payment,spending_changes_needed,decision_explanation
request_26,15656000,affordable_now,full_payment,2025-08-03:15656000,2025-08-03,none,Pay IDR 15656000 today. This leaves at least IDR 24768300 available over the next 90 days.
request_27,6670,affordable_now,full_payment,2026-07-05:6670,2026-07-05,none,Pay ZAR 6670 today. This leaves at least ZAR 20500 available over the next 90 days.
request_28,289.58,affordable_later,wait,2024-08-15:1302.40,2024-08-15,none,Pay EUR 1302.4 in full on 15 August 2024. Paying earlier would take the balance below the EUR 1100 minimum.
request_29,0,not_affordable,not_recommended,none,,none,Do not make this payment by 23 November 2025. None of the available options keeps the ZAR 28300 minimum protected.
request_30,775.2,affordable_with_plan,installments,2026-04-06:268.74|2026-05-06:268.74|2026-06-05:268.74,2026-04-06,none,"Use 3 installments of USD 268.74, starting 6 April 2026. This leaves at least USD 3394.09 available."
request_31,2908162.71,affordable_later,wait,2024-09-15:18164000,2024-09-15,none,Pay IDR 18164000 in full on 15 September 2024. Paying earlier would take the balance below the IDR 16588900 minimum.
request_32,15561.03,affordable_later,wait,2025-04-15:40018,2025-04-15,none,Pay ZAR 40018 in full on 15 April 2025. Paying earlier would take the balance below the ZAR 35700 minimum.
request_33,39421.95,affordable_later,wait,2026-03-15:118000,2026-03-15,none,Pay INR 118000 in full on 15 March 2026. Paying earlier would take the balance below the INR 102100 minimum.
request_34,129400,affordable_now,full_payment,2024-12-04:129400,2024-12-04,none,Pay INR 129400 today. This leaves at least INR 138500 available over the next 90 days.
request_35,14789.38,not_affordable,not_recommended,none,,none,Do not make this payment by 15 January 2026. None of the available options keeps the INR 106400 minimum protected.
request_36,423.43,not_affordable,not_recommended,none,,none,Do not make this payment by 15 September 2026. None of the available options keeps the USD 2400 minimum protected.
request_37,4922204.3,affordable_later,wait,2024-05-15:14649000,2024-05-15,none,Pay IDR 14649000 in full on 15 May 2024. Paying earlier would take the balance below the IDR 17056200 minimum.
request_38,225.41,affordable_later,wait,2025-10-15:971.30,2025-10-15,none,Pay EUR 971.3 in full on 15 October 2025. Paying earlier would take the balance below the EUR 400 minimum.
request_39,58598.15,affordable_later,wait,2026-04-15:208600,2026-04-15,none,Pay INR 208600 in full on 15 April 2026. Paying earlier would take the balance below the INR 213400 minimum.
request_40,413.3,affordable_later,wait,2024-08-15:1290.30,2024-08-15,none,Pay EUR 1290.3 in full on 15 August 2024. Paying earlier would take the balance below the EUR 1500 minimum.
request_41,8324872.72,affordable_later,wait,2025-11-15:38760000,2025-11-15,none,Pay IDR 38760000 in full on 15 November 2025. Paying earlier would take the balance below the IDR 25366600 minimum.
request_42,52100,affordable_now,full_payment,2026-01-05:52100,2026-01-05,none,Pay INR 52100 today. This leaves at least INR 113100 available over the next 90 days.
request_43,6639572.51,affordable_later,wait,2024-09-15:43339000,2024-09-15,none,Pay IDR 43339000 in full on 15 September 2024. Paying earlier would take the balance below the IDR 21398000 minimum.
request_44,11878.95,not_affordable,not_recommended,none,,none,Do not make this payment by 15 April 2025. None of the available options keeps the INR 82900 minimum protected.
request_45,4901900.65,affordable_later,wait,2026-09-15:21983000,2026-09-15,none,Pay IDR 21983000 in full on 15 September 2026. Paying earlier would take the balance below the IDR 11149800 minimum.
request_46,31223.14,affordable_with_plan,partial_payment,2024-12-03:31223.14|2024-12-15:18226.86,2024-12-15,none,Pay INR 31223.14 today and the remaining INR 18226.86 on 15 December 2024. This completes the full request and keeps the INR 84000 minimum protected.
request_47,38114000,affordable_now,full_payment,2025-05-05:38114000,2025-05-05,none,Pay IDR 38114000 today. This leaves at least IDR 30049000 available over the next 90 days.
request_48,45700,affordable_now,full_payment,2026-07-25:45700,2026-07-25,none,Pay INR 45700 today. This leaves at least INR 71300 available over the next 90 days.
request_49,5855957.36,not_affordable,not_recommended,none,,none,Do not make this payment by 22 May 2024. None of the available options keeps the IDR 20275700 minimum protected.
request_50,43900,affordable_now,full_payment,2025-08-06:43900,2025-08-06,none,Pay INR 43900 today. This leaves at least INR 99700 available over the next 90 days.
request_51,2191000,affordable_now,full_payment,2026-01-03:2191000,2026-01-03,none,Pay IDR 2191000 today. This leaves at least IDR 7811000 available over the next 90 days.
request_52,16385.62,affordable_later,wait,2024-06-15:28870,2024-06-15,none,Pay INR 28870 in full on 15 June 2024. Paying earlier would take the balance below the INR 41500 minimum.
request_53,714.42,not_affordable,not_recommended,none,2026-01-15,none,Do not make this payment by 20 January 2026. None of the available options keeps the USD 2100 minimum protected.
request_54,0,not_affordable,not_recommended,none,,none,Do not make this payment by 21 August 2026. None of the available options keeps the ZAR 37000 minimum protected.
request_55,124141.58,affordable_with_plan,installments,2026-06-11:75781.33|2026-07-12:75781.33|2026-08-12:75781.33,2026-07-15,none,"Use 3 installments of INR 75781.33, starting 11 June 2026. This leaves at least INR 127703.43 available."
request_56,567.2,affordable_with_plan,partial_payment,2025-02-03:567.20|2025-02-15:314.36,2025-02-15,none,Pay USD 567.2 today and the remaining USD 314.36 on 15 February 2025. This completes the full request and keeps the USD 2100 minimum protected.
request_57,5873.63,not_affordable,not_recommended,none,,none,Do not make this payment by 15 June 2026. None of the available options keeps the ZAR 42700 minimum protected.
request_58,16226000,affordable_now,full_payment,2024-12-07:16226000,2024-12-07,none,Pay IDR 16226000 today. This leaves at least IDR 14433900 available over the next 90 days.
request_59,140600,affordable_with_plan,installments,2025-05-07:48741.33|2025-06-04:48741.33|2025-07-02:48741.33,2025-05-04,none,"Use 3 installments of INR 48741.33, starting 7 May 2025. This leaves at least INR 610289.77 available."
request_60,148.47,affordable_later,wait,2026-02-15:199.89,2026-02-15,none,Pay USD 199.89 in full on 15 February 2026. Paying earlier would take the balance below the USD 400 minimum.
request_61,29062,affordable_with_plan,installments,2024-03-17:10074.83|2024-04-17:10074.83|2024-05-18:10074.83,2024-03-03,none,"Use 3 installments of ZAR 10074.83, starting 17 March 2024. This leaves at least ZAR 46515.67 available."
request_62,404.23,affordable_now,full_payment,2025-08-05:404.23,2025-08-05,none,Pay USD 404.23 today. This leaves at least USD 1300 available over the next 90 days.
request_63,45106.6,affordable_with_plan,partial_payment,2026-07-07:45106.60|2026-08-15:298793.40,2026-08-15,none,Pay INR 45106.6 today and the remaining INR 298793.4 on 15 August 2026. This completes the full request and keeps the INR 153500 minimum protected.
request_64,42428.63,not_affordable,not_recommended,none,,none,Do not make this payment by 16 August 2024. None of the available options keeps the INR 36100 minimum protected.
request_65,5977.85,not_affordable,not_recommended,none,,none,Do not make this payment by 25 November 2025. None of the available options keeps the ZAR 15500 minimum protected.
request_66,22200,affordable_now,full_payment,2026-04-03:22200,2026-04-03,none,Pay INR 22200 today. This leaves at least INR 80700 available over the next 90 days.
request_67,204.11,affordable_later,wait,2024-09-15:2094,2024-09-15,none,Pay USD 2094 in full on 15 September 2024. Paying earlier would take the balance below the USD 1200 minimum.
request_68,558.57,not_affordable,not_recommended,none,,none,Do not make this payment by 16 April 2025. None of the available options keeps the USD 1500 minimum protected.
request_69,514.03,affordable_with_plan,full_payment,2026-01-04:529.10,2026-02-15,stop:event_6377,"Stop the family streaming plan, then pay EUR 529.1 today. This leaves at least EUR 732.94 available."
request_70,59952.21,affordable_later,wait,2025-02-15:243900,2025-02-15,none,Pay INR 243900 in full on 15 February 2025. Paying earlier would take the balance below the INR 115000 minimum.
request_71,0,not_affordable,not_recommended,none,,none,Do not make this payment by 28 May 2025. None of the available options keeps the IDR 8884800 minimum protected.
request_72,11330,affordable_now,full_payment,2026-07-05:11330,2026-07-05,none,Pay ZAR 11330 today. This leaves at least ZAR 12200 available over the next 90 days.
request_73,71400,affordable_now,full_payment,2023-01-20:71400,2023-01-20,none,Pay INR 71400 today. This leaves at least INR 103200 available over the next 90 days.
request_74,5010,affordable_now,full_payment,2025-08-04:5010,2025-08-04,none,Pay ZAR 5010 today. This leaves at least ZAR 21900 available over the next 90 days.
request_75,28270,affordable_with_plan,installments,2026-04-09:9800.27|2026-05-09:9800.27|2026-06-08:9800.27,2026-04-06,none,"Use 3 installments of ZAR 9800.27, starting 9 April 2026. This leaves at least ZAR 129330.63 available."
request_76,668.47,not_affordable,not_recommended,none,2024-06-24,none,Do not make this payment by 30 July 2024. None of the available options keeps the USD 1800 minimum protected.
request_77,60304.08,affordable_with_plan,full_payment,2025-11-05:60700,2025-11-15,stop:event_7111,"Stop the online backup subscription, then pay INR 60700 today. This leaves at least INR 82509.08 available."
request_78,17519.18,not_affordable,not_recommended,none,2025-12-15,none,Do not make this payment by 14 October 2025. None of the available options keeps the INR 55200 minimum protected.
request_79,363.72,affordable_with_plan,partial_payment,2024-09-04:363.72|2024-10-15:1787.88,2024-10-15,none,Pay EUR 363.72 today and the remaining EUR 1787.88 on 15 October 2024. This completes the full request and keeps the EUR 1000 minimum protected.
request_80,113451.83,not_affordable,not_recommended,none,2025-02-15,none,Do not make this payment by 21 February 2025. None of the available options keeps the INR 121300 minimum protected.
request_81,2076,affordable_now,full_payment,2026-07-03:2076,2026-07-03,none,Pay USD 2076 today. This leaves at least USD 1600 available over the next 90 days.
request_82,185.33,not_affordable,not_recommended,none,,none,Do not make this payment by 15 February 2025. None of the available options keeps the USD 1100 minimum protected.
request_83,5705.66,not_affordable,not_recommended,none,2025-06-15,none,Do not make this payment by 17 June 2025. None of the available options keeps the INR 37800 minimum protected.
request_84,15217.38,affordable_later,wait,2026-06-15:95400,2026-06-15,none,Pay INR 95400 in full on 15 June 2026. Paying earlier would take the balance below the INR 91300 minimum.
request_85,0,not_affordable,not_recommended,none,,none,Do not make this payment by 26 April 2024. None of the available options keeps the IDR 6396300 minimum protected.
request_86,45930.06,affordable_with_plan,full_payment,2025-08-03:46300,2025-08-23,stop:event_8051,"Stop the shared storage plan, then pay INR 46300 today. This leaves at least INR 85285.06 available."
request_87,0,not_affordable,not_recommended,none,,none,Do not make this payment by 15 March 2026. None of the available options keeps the INR 185900 minimum protected.
request_88,11959.79,affordable_with_plan,installments,2024-06-14:9045.23|2024-07-15:9045.23|2024-08-15:9045.23,2024-06-15,none,"Use 3 installments of ZAR 9045.23, starting 14 June 2024. This leaves at least ZAR 28714.56 available."
request_89,9477383.79,affordable_with_plan,installments,2025-11-18:4768746.67|2025-12-16:4768746.67|2026-01-13:4768746.67,2025-11-15,none,"Use 3 installments of IDR 4768746.67, starting 18 November 2025. This leaves at least IDR 22012083.79 available."
request_90,2560,affordable_now,full_payment,2026-07-06:2560,2026-07-06,none,Pay ZAR 2560 today. This leaves at least ZAR 7600 available over the next 90 days.
request_91,470.03,affordable_later,wait,2024-11-15:1927.20,2024-11-15,none,Pay EUR 1927.2 in full on 15 November 2024. Paying earlier would take the balance below the EUR 2100 minimum.
request_92,34034,affordable_now,full_payment,2025-02-05:34034,2025-02-05,none,Pay ZAR 34034 today. This leaves at least ZAR 28100 available over the next 90 days.
request_93,1729.2,affordable_now,full_payment,2026-04-07:1729.20,2026-04-07,none,Pay USD 1729.2 today. This leaves at least USD 1900 available over the next 90 days.
request_94,572,affordable_now,full_payment,2024-12-04:572,2024-12-04,none,Pay EUR 572 today. This leaves at least EUR 600 available over the next 90 days.
request_95,8777.87,not_affordable,not_recommended,none,,none,Do not make this payment by 14 July 2025. None of the available options keeps the INR 145500 minimum protected.
request_96,65781.44,affordable_with_plan,installments,2026-01-10:31269.33|2026-02-09:31269.33|2026-03-11:31269.33,2026-01-15,none,"Use 3 installments of INR 31269.33, starting 10 January 2026. This leaves at least INR 91012.11 available."
request_97,2929.44,affordable_with_plan,installments,2024-03-19:8145.28|2024-04-19:8145.28|2024-05-20:8145.28,2024-03-15,none,"Use 3 installments of ZAR 8145.28, starting 19 March 2024. This leaves at least ZAR 32629.44 available."
request_98,0,not_affordable,not_recommended,none,,none,Do not make this payment by 15 October 2025. None of the available options keeps the ZAR 30000 minimum protected.
request_99,18062,affordable_now,full_payment,2026-07-04:18062,2026-07-04,none,Pay ZAR 18062 today. This leaves at least ZAR 49100 available over the next 90 days.
request_100,24854.44,affordable_with_plan,installments,2024-06-13:12866.19|2024-07-14:12866.19|2024-08-14:12866.19,2024-06-15,none,"Use 3 installments of ZAR 12866.19, starting 13 June 2024. This leaves at least ZAR 44488.25 available."
request_101,143500,affordable_now,full_payment,2025-11-03:143500,2025-11-03,none,Pay INR 143500 today. This leaves at least INR 187400 available over the next 90 days.
request_102,1716,affordable_with_plan,installments,2026-04-05:594.88|2026-05-05:594.88|2026-06-04:594.88,2026-04-05,none,"Use 3 installments of EUR 594.88, starting 5 April 2026. This leaves at least EUR 3974.48 available."
request_103,8484.54,not_affordable,not_recommended,none,,none,Do not make this payment by 7 October 2024. None of the available options keeps the INR 125500 minimum protected.
request_104,17204,affordable_now,full_payment,2025-02-04:17204,2025-02-04,none,Pay ZAR 17204 today. This leaves at least ZAR 24700 available over the next 90 days.
request_105,32734.26,not_affordable,not_recommended,none,2026-08-15,none,Do not make this payment by 14 June 2026. None of the available options keeps the INR 73900 minimum protected.
request_106,371.16,affordable_later,wait,2024-12-15:2207.70,2024-12-15,none,Pay EUR 2207.7 in full on 15 December 2024. Paying earlier would take the balance below the EUR 1200 minimum.
request_107,0,not_affordable,not_recommended,none,,none,Do not make this payment by 4 July 2025. None of the available options keeps the EUR 1600 minimum protected.
request_108,1587.42,affordable_later,wait,2026-07-24:55308,2026-07-24,none,Pay ZAR 55308 in full on 24 July 2026. Paying earlier would take the balance below the ZAR 24100 minimum.
request_109,526.74,affordable_with_plan,installments,2024-03-18:645.98|2024-04-18:645.98|2024-05-19:645.98,2024-03-15,none,"Use 3 installments of EUR 645.98, starting 18 March 2024. This leaves at least EUR 2226.74 available."
request_110,22352,affordable_with_plan,installments,2025-08-06:7748.69|2025-09-03:7748.69|2025-10-01:7748.69,2025-08-06,none,"Use 3 installments of ZAR 7748.69, starting 6 August 2025. This leaves at least ZAR 51020.72 available."
request_111,16625000,affordable_now,full_payment,2026-04-03:16625000,2026-04-03,none,Pay IDR 16625000 today. This leaves at least IDR 23022800 available over the next 90 days.
request_112,240.8,affordable_with_plan,full_payment,2024-06-05:271.70,2024-08-15,reduce_to:event_10392:13,"Reduce the weekend food delivery to eur 13, then pay EUR 271.7 today. This leaves at least EUR 505.27 available."
request_113,0,not_affordable,not_recommended,none,,none,Do not make this payment by 19 October 2026. None of the available options keeps the INR 82300 minimum protected.
request_114,55888.67,not_affordable,not_recommended,none,2026-02-15,none,Do not make this payment by 14 January 2026. None of the available options keeps the INR 113400 minimum protected.
request_115,16371.7,affordable_later,wait,2024-11-15:80500,2024-11-15,none,Pay INR 80500 in full on 15 November 2024. Paying earlier would take the balance below the INR 38800 minimum.
request_116,9497.29,not_affordable,not_recommended,none,2025-04-15,none,Do not make this payment by 16 April 2025. None of the available options keeps the INR 80300 minimum protected.
request_117,849.05,affordable_with_plan,full_payment,2026-07-05:880,2026-07-15,stop:event_10809|reduce_to:event_10868:20.5,"Stop the family streaming plan, reduce the quick-service meal to eur 20.5, then pay EUR 880 today. This leaves at least EUR 1005.54 available."
request_118,388.03,not_affordable,not_recommended,none,,none,Do not make this payment by 8 February 2025. None of the available options keeps the EUR 600 minimum protected.
request_119,50785.5,affordable_with_plan,installments,2025-05-18:70546.67|2025-06-15:70546.67|2025-07-13:70546.67,2025-05-15,none,"Use 3 installments of INR 70546.67, starting 18 May 2025. This leaves at least INR 201985.5 available."
request_120,7714000,affordable_now,full_payment,2026-04-06:7714000,2026-04-06,none,Pay IDR 7714000 today. This leaves at least IDR 20050300 available over the next 90 days.
request_121,633.6,affordable_now,full_payment,2024-03-03:633.60,2024-03-03,none,Pay USD 633.6 today. This leaves at least USD 800 available over the next 90 days.
request_122,20558000,affordable_with_plan,installments,2025-08-05:7126773.33|2025-09-02:7126773.33|2025-09-30:7126773.33,2025-08-05,none,"Use 3 installments of IDR 7126773.33, starting 5 August 2025. This leaves at least IDR 48889683.25 available."
request_123,4076000,affordable_now,full_payment,2026-01-07:4076000,2026-01-07,none,Pay IDR 4076000 today. This leaves at least IDR 18091200 available over the next 90 days.
request_124,1498.4,affordable_with_plan,installments,2024-06-11:1076.12|2024-07-12:1076.12|2024-08-12:1076.12,2024-06-15,none,"Use 3 installments of EUR 1076.12, starting 11 June 2024. This leaves at least EUR 2022.28 available."
request_125,0,not_affordable,not_recommended,none,,none,Do not make this payment by 14 November 2025. None of the available options keeps the ZAR 11300 minimum protected.
request_126,159600,affordable_now,full_payment,2026-07-03:159600,2026-07-03,none,Pay INR 159600 today. This leaves at least INR 129700 available over the next 90 days.
request_127,4290.3,affordable_later,wait,2024-09-15:23980,2024-09-15,none,Pay ZAR 23980 in full on 15 September 2024. Paying earlier would take the balance below the ZAR 41000 minimum.
request_128,25168,affordable_now,full_payment,2025-02-07:25168,2025-02-07,none,Pay ZAR 25168 today. This leaves at least ZAR 42600 available over the next 90 days.
request_129,154.54,not_affordable,not_recommended,none,,none,Do not make this payment by 18 June 2026. None of the available options keeps the USD 800 minimum protected.
request_130,280.14,not_affordable,not_recommended,none,,none,Do not make this payment by 15 February 2025. None of the available options keeps the USD 1400 minimum protected.
request_131,1109.9,affordable_with_plan,installments,2025-05-06:643.14|2025-06-03:643.14|2025-07-01:643.14,2025-06-23,reduce_to:event_12033:21.2,"Use 3 installments of USD 643.14, starting 6 May 2025. This leaves at least USD 1145.5 available."
request_132,274.27,affordable_later,wait,2026-01-15:379.86,2026-01-15,none,Pay USD 379.86 in full on 15 January 2026. Paying earlier would take the balance below the USD 1100 minimum.
request_133,15770000,not_affordable,not_recommended,none,2024-03-07,none,Do not make this payment by 29 March 2024. None of the available options keeps the IDR 9986200 minimum protected.
request_134,6367512.97,affordable_later,wait,2025-08-15:21831000,2025-08-15,none,Pay IDR 21831000 in full on 15 August 2025. Paying earlier would take the balance below the IDR 15902500 minimum.
request_135,296.69,affordable_with_plan,full_payment,2026-07-06:304.80,2026-07-15,stop:event_12389,"Stop the video streaming plan, then pay USD 304.8 today. This leaves at least USD 514.9 available."
request_136,334.31,not_affordable,not_recommended,none,2024-06-15,none,Do not make this payment by 14 June 2024. None of the available options keeps the USD 1100 minimum protected.
request_137,22513.51,not_affordable,not_recommended,none,,none,Do not make this payment by 15 January 2026. None of the available options keeps the INR 71800 minimum protected.
request_138,647.26,affordable_with_plan,partial_payment,2026-04-07:647.26|2026-04-15:609.68,2026-04-15,none,Pay EUR 647.26 today and the remaining EUR 609.68 on 15 April 2026. This completes the full request and keeps the EUR 2300 minimum protected.
request_139,984.29,affordable_with_plan,installments,2024-09-07:802.88|2024-10-08:802.88|2024-11-08:802.88,2024-09-15,none,"Use 3 installments of USD 802.88, starting 7 September 2024. This leaves at least USD 1681.41 available."
request_140,0,not_affordable,not_recommended,none,,none,Do not make this payment by 4 March 2025. None of the available options keeps the ZAR 21600 minimum protected.
request_141,17652.44,not_affordable,not_recommended,none,,none,Do not make this payment by 12 February 2026. None of the available options keeps the INR 67300 minimum protected.
request_142,1263.6,affordable_now,full_payment,2024-12-05:1263.60,2024-12-05,none,Pay USD 1263.6 today. This leaves at least USD 1700 available over the next 90 days.
request_143,0,not_affordable,not_recommended,none,,none,Do not make this payment by 15 July 2025. None of the available options keeps the ZAR 11300 minimum protected.
request_144,0,not_affordable,not_recommended,none,,none,Do not make this payment by 26 July 2026. None of the available options keeps the USD 600 minimum protected.
request_145,43985.75,not_affordable,not_recommended,none,2024-05-15,none,Do not make this payment by 26 May 2024. None of the available options keeps the INR 155400 minimum protected.
request_146,3214.53,affordable_later,wait,2025-10-15:449400,2025-10-15,none,Pay INR 449400 in full on 15 October 2025. Paying earlier would take the balance below the INR 108600 minimum.
request_147,461.9,affordable_with_plan,installments,2026-04-08:391.63|2026-05-08:391.63|2026-06-07:391.63,2026-04-15,none,"Use 3 installments of EUR 391.63, starting 8 April 2026. This leaves at least EUR 970.28 available."
request_148,8017.74,affordable_with_plan,installments,2024-06-14:7710.56|2024-07-15:7710.56|2024-08-15:7710.56,2024-08-15,none,"Use 3 installments of ZAR 7710.56, starting 14 June 2024. This leaves at least ZAR 20307.18 available."
request_149,17207.97,affordable_with_plan,installments,2025-11-18:12706.03|2025-12-16:12706.03|2026-01-13:12706.03,2025-11-15,none,"Use 3 installments of ZAR 12706.03, starting 18 November 2025. This leaves at least ZAR 59307.97 available."
request_150,214.73,not_affordable,not_recommended,none,,none,Do not make this payment by 16 March 2026. None of the available options keeps the EUR 700 minimum protected.
request_151,26999000,affordable_now,full_payment,2024-09-03:26999000,2024-09-03,none,Pay IDR 26999000 today. This leaves at least IDR 31633600 available over the next 90 days.
request_152,3227.16,not_affordable,not_recommended,none,,none,Do not make this payment by 13 April 2025. None of the available options keeps the ZAR 11900 minimum protected.
request_153,33.05,not_affordable,not_recommended,none,,none,Do not make this payment by 24 September 2026. None of the available options keeps the USD 1400 minimum protected.
request_154,1625.8,affordable_with_plan,installments,2024-12-04:563.61|2025-01-04:563.61|2025-02-04:563.61,2024-12-04,none,"Use 3 installments of EUR 563.61, starting 4 December 2024. This leaves at least EUR 3619.67 available."
request_155,112500,affordable_now,full_payment,2025-05-06:112500,2025-05-06,none,Pay INR 112500 today. This leaves at least INR 56300 available over the next 90 days.
request_156,7493.86,affordable_later,wait,2026-06-15:43076,2026-06-15,none,Pay ZAR 43076 in full on 15 June 2026. Paying earlier would take the balance below the ZAR 26900 minimum.
request_157,4927316.02,not_affordable,not_recommended,none,,none,Do not make this payment by 15 May 2024. None of the available options keeps the IDR 15714100 minimum protected.
request_158,242600,affordable_with_plan,installments,2025-08-07:84101.33|2025-09-04:84101.33|2025-10-02:84101.33,2025-08-07,none,"Use 3 installments of INR 84101.33, starting 7 August 2025. This leaves at least INR 647441.89 available."
request_159,13398,affordable_now,full_payment,2026-01-04:13398,2026-01-04,none,Pay ZAR 13398 today. This leaves at least ZAR 8700 available over the next 90 days.
request_160,486.98,affordable_with_plan,installments,2024-06-13:432.05|2024-07-14:432.05|2024-08-14:432.05,2024-06-15,none,"Use 3 installments of EUR 432.05, starting 13 June 2024. This leaves at least EUR 1254.94 available."
request_161,0,not_affordable,not_recommended,none,,none,Do not make this payment by 15 January 2026. None of the available options keeps the IDR 23010400 minimum protected.
request_162,1269127.17,not_affordable,not_recommended,none,,none,Do not make this payment by 26 August 2026. None of the available options keeps the IDR 24161100 minimum protected.
request_163,0,not_affordable,not_recommended,none,,none,Do not make this payment by 15 November 2024. None of the available options keeps the IDR 26728700 minimum protected.
request_164,27018000,affordable_with_plan,installments,2025-02-11:9366240|2025-03-11:9366240|2025-04-08:9366240,2025-02-04,none,"Use 3 installments of IDR 9366240, starting 11 February 2025. This leaves at least IDR 48543806.65 available."
request_165,80600,affordable_now,full_payment,2026-04-06:80600,2026-04-06,none,Pay INR 80600 today. This leaves at least INR 95000 available over the next 90 days.
request_166,2907.6,affordable_with_plan,installments,2024-12-03:1007.97|2025-01-03:1007.97|2025-02-03:1007.97,2024-12-03,none,"Use 3 installments of USD 1007.97, starting 3 December 2024. This leaves at least USD 7305.82 available."
request_167,43802,affordable_now,full_payment,2025-05-05:43802,2025-05-05,none,Pay ZAR 43802 today. This leaves at least ZAR 31200 available over the next 90 days.
request_168,37324.14,affordable_with_plan,partial_payment,2026-01-07:37324.14|2026-02-15:12055.86,2026-02-15,none,Pay INR 37324.14 today and the remaining INR 12055.86 on 15 February 2026. This completes the full request and keeps the INR 114400 minimum protected.
request_169,41976,affordable_now,full_payment,2024-03-04:41976,2024-03-04,none,Pay ZAR 41976 today. This leaves at least ZAR 18700 available over the next 90 days.
request_170,33055170.65,affordable_with_plan,installments,2025-08-06:12804480|2025-09-03:12804480|2025-10-01:12804480,2025-08-15,none,"Use 3 installments of IDR 12804480, starting 6 August 2025. This leaves at least IDR 36035980.11 available."
request_171,0,not_affordable,not_recommended,none,,none,Do not make this payment by 10 September 2026. None of the available options keeps the EUR 500 minimum protected.
request_172,10200,affordable_with_plan,installments,2024-06-05:5304|2024-07-03:5304,2024-06-05,none,"Use 2 installments of ZAR 5304, starting 5 June 2024. This leaves at least ZAR 30859.06 available."
request_173,0,not_affordable,not_recommended,none,,none,Do not make this payment by 17 January 2026. None of the available options keeps the INR 79100 minimum protected.
request_174,1146.2,affordable_with_plan,installments,2026-04-04:397.35|2026-05-04:397.35|2026-06-03:397.35,2026-04-04,none,"Use 3 installments of EUR 397.35, starting 4 April 2026. This leaves at least EUR 2724.86 available."
request_175,2346.3,affordable_now,full_payment,2024-09-06:2346.30,2024-09-06,none,Pay EUR 2346.3 today. This leaves at least EUR 1700 available over the next 90 days.
request_176,336.54,affordable_later,wait,2025-02-24:1239.70,2025-02-24,none,Pay EUR 1239.7 in full on 24 February 2025. Paying earlier would take the balance below the EUR 600 minimum.
request_177,989.64,affordable_with_plan,full_payment,2026-01-05:1017.60,2026-02-15,stop:event_16203,"Stop the video streaming plan, then pay USD 1017.6 today. This leaves at least USD 1374.04 available."
request_178,2938.1,affordable_with_plan,installments,2024-12-07:1018.54|2025-01-07:1018.54|2025-02-07:1018.54,2024-12-07,none,"Use 3 installments of EUR 1018.54, starting 7 December 2024. This leaves at least EUR 6715.56 available."
request_179,4480537.23,affordable_later,wait,2025-07-15:41648000,2025-07-15,none,Pay IDR 41648000 in full on 15 July 2025. Paying earlier would take the balance below the IDR 41430800 minimum.
request_180,66500,affordable_now,full_payment,2026-07-06:66500,2026-07-06,none,Pay INR 66500 today. This leaves at least INR 37300 available over the next 90 days.
request_181,249.4,not_affordable,not_recommended,none,2024-05-15,none,Do not make this payment by 7 April 2024. None of the available options keeps the USD 2000 minimum protected.
request_182,65714,affordable_now,full_payment,2025-08-05:65714,2025-08-05,none,Pay ZAR 65714 today. This leaves at least ZAR 31100 available over the next 90 days.
request_183,4547764.95,not_affordable,not_recommended,none,,none,Do not make this payment by 18 June 2026. None of the available options keeps the IDR 11878300 minimum protected.
request_184,0,not_affordable,not_recommended,none,,none,Do not make this payment by 30 July 2024. None of the available options keeps the INR 110800 minimum protected.
request_185,300.6,affordable_later,wait,2026-01-15:1257.30,2026-01-15,none,Pay EUR 1257.3 in full on 15 January 2026. Paying earlier would take the balance below the EUR 1300 minimum.
request_186,0,not_affordable,not_recommended,none,,none,Do not make this payment by 15 March 2026. None of the available options keeps the ZAR 22000 minimum protected.
request_187,38510.56,affordable_later,wait,2024-09-15:187500,2024-09-15,none,Pay INR 187500 in full on 15 September 2024. Paying earlier would take the balance below the INR 128300 minimum.
request_188,0,not_affordable,not_recommended,none,,none,Do not make this payment by 4 March 2025. None of the available options keeps the EUR 900 minimum protected.
request_189,488.4,affordable_now,full_payment,2026-07-04:488.40,2026-07-04,none,Pay EUR 488.4 today. This leaves at least EUR 400 available over the next 90 days.
request_190,289.44,affordable_later,wait,2024-12-15:2557.50,2024-12-15,none,Pay EUR 2557.5 in full on 15 December 2024. Paying earlier would take the balance below the EUR 1600 minimum.
request_191,664.4,affordable_now,full_payment,2025-05-03:664.40,2025-05-03,none,Pay EUR 664.4 today. This leaves at least EUR 500 available over the next 90 days.
request_192,148.61,not_affordable,not_recommended,none,2026-05-15,none,Do not make this payment by 11 May 2026. None of the available options keeps the USD 1000 minimum protected.
request_193,0,not_affordable,not_recommended,none,,none,Do not make this payment by 28 May 2024. None of the available options keeps the EUR 1000 minimum protected.
request_194,32768.6,affordable_later,wait,2025-10-23:132800,2025-10-23,none,Pay INR 132800 in full on 23 October 2025. Paying earlier would take the balance below the INR 113600 minimum.
request_195,971.25,not_affordable,not_recommended,none,2026-03-15,none,Do not make this payment by 11 March 2026. None of the available options keeps the EUR 700 minimum protected.
request_196,762.3,affordable_now,full_payment,2024-06-03:762.30,2024-06-03,none,Pay EUR 762.3 today. This leaves at least EUR 500 available over the next 90 days.
request_197,0,not_affordable,not_recommended,none,,none,Do not make this payment by 21 January 2026. None of the available options keeps the IDR 26245900 minimum protected.
request_198,185800,affordable_now,full_payment,2026-07-07:185800,2026-07-07,none,Pay INR 185800 today. This leaves at least INR 124300 available over the next 90 days.
request_199,23674000,affordable_with_plan,installments,2024-09-07:8206986.67|2024-10-08:8206986.67|2024-11-08:8206986.67,2024-09-04,none,"Use 3 installments of IDR 8206986.67, starting 7 September 2024. This leaves at least IDR 132630849.81 available."
request_200,21717000,affordable_now,full_payment,2025-02-06:21717000,2025-02-06,none,Pay IDR 21717000 today. This leaves at least IDR 20114600 available over the next 90 days.
request_201,23997000,affordable_now,full_payment,2026-04-03:23997000,2026-04-03,none,Pay IDR 23997000 today. This leaves at least IDR 17304500 available over the next 90 days.
request_202,123900,affordable_now,full_payment,2024-12-05:123900,2024-12-05,none,Pay INR 123900 today. This leaves at least INR 147800 available over the next 90 days.
request_203,1442.1,affordable_with_plan,installments,2025-05-10:499.93|2025-06-07:499.93|2025-07-05:499.93,2025-05-07,none,"Use 3 installments of EUR 499.93, starting 10 May 2025. This leaves at least EUR 6992.61 available."
request_204,588.74,affordable_now,full_payment,2026-01-04:588.74,2026-01-04,none,Pay EUR 588.74 today. This leaves at least EUR 1300 available over the next 90 days.
request_205,10621000,affordable_now,full_payment,2024-03-06:10621000,2024-03-06,none,Pay IDR 10621000 today. This leaves at least IDR 13994300 available over the next 90 days.
request_206,1404.7,affordable_with_plan,installments,2025-08-03:486.96|2025-08-31:486.96|2025-09-28:486.96,2025-08-03,none,"Use 3 installments of EUR 486.96, starting 3 August 2025. This leaves at least EUR 4150.09 available."
request_207,6276.24,affordable_later,wait,2026-07-15:11830,2026-07-15,none,Pay ZAR 11830 in full on 15 July 2026. Paying earlier would take the balance below the ZAR 13600 minimum.
request_208,2850617.9,affordable_later,wait,2024-06-15:4413000,2024-06-15,none,Pay IDR 4413000 in full on 15 June 2024. Paying earlier would take the balance below the IDR 10470700 minimum.
request_209,233.33,not_affordable,not_recommended,none,2026-01-15,none,Do not make this payment by 25 November 2025. None of the available options keeps the ZAR 18400 minimum protected.
request_210,720.77,affordable_with_plan,partial_payment,2026-04-06:720.77|2026-04-15:639.25,2026-04-15,none,Pay USD 720.77 today and the remaining USD 639.25 on 15 April 2026. This completes the full request and keeps the USD 2000 minimum protected.
request_211,196.2,affordable_later,wait,2024-09-15:1788.60,2024-09-15,none,Pay EUR 1788.6 in full on 15 September 2024. Paying earlier would take the balance below the EUR 1500 minimum.
request_212,318433.82,not_affordable,not_recommended,none,,none,Do not make this payment by 28 February 2025. None of the available options keeps the IDR 29579800 minimum protected.
request_213,2445.02,not_affordable,not_recommended,none,,none,Do not make this payment by 22 March 2026. None of the available options keeps the USD 2100 minimum protected.
request_214,18998.76,affordable_with_plan,partial_payment,2024-12-04:18998.76|2024-12-15:50751.24,2024-12-15,none,Pay INR 18998.76 today and the remaining INR 50751.24 on 15 December 2024. This completes the full request and keeps the INR 174900 minimum protected.
request_215,29986,affordable_with_plan,installments,2025-05-09:10395.15|2025-06-06:10395.15|2025-07-04:10395.15,2025-05-06,none,"Use 3 installments of ZAR 10395.15, starting 9 May 2025. This leaves at least ZAR 81210.74 available."
request_216,423.53,not_affordable,not_recommended,none,,none,Do not make this payment by 15 September 2026. None of the available options keeps the USD 1800 minimum protected.
request_217,19089.02,affordable_with_plan,installments,2024-03-19:12889.07|2024-04-19:12889.07|2024-05-20:12889.07,2024-03-15,none,"Use 3 installments of ZAR 12889.07, starting 19 March 2024. This leaves at least ZAR 45889.02 available."
request_218,25224833.7,affordable_with_plan,installments,2025-08-07:21195893.33|2025-09-04:21195893.33|2025-10-02:21195893.33,2025-08-15,none,"Use 3 installments of IDR 21195893.33, starting 7 August 2025. This leaves at least IDR 38506140.41 available."
request_219,639.41,affordable_with_plan,installments,2026-04-07:580.01|2026-05-07:580.01|2026-06-06:580.01,2026-04-15,none,"Use 3 installments of EUR 580.01, starting 7 April 2026. This leaves at least EUR 1159.4 available."
request_220,180.76,not_affordable,not_recommended,none,,none,Do not make this payment by 3 July 2024. None of the available options keeps the EUR 1100 minimum protected.
request_221,109800,affordable_now,full_payment,2025-11-03:109800,2025-11-03,none,Pay INR 109800 today. This leaves at least INR 81500 available over the next 90 days.
request_222,34078,affordable_now,full_payment,2026-01-05:34078,2026-01-05,none,Pay ZAR 34078 today. This leaves at least ZAR 27300 available over the next 90 days.
request_223,898.7,affordable_now,full_payment,2024-09-07:898.70,2024-09-07,none,Pay EUR 898.7 today. This leaves at least EUR 800 available over the next 90 days.
request_224,8386576.02,affordable_with_plan,installments,2025-02-04:5370040|2025-03-04:5370040,2025-04-15,stop:event_20518|stop:event_20519,"Use 2 installments of IDR 5370040, starting 4 February 2025. This leaves at least IDR 22283796.41 available."
request_225,9269247.49,affordable_with_plan,installments,2026-07-20:7647120|2026-08-19:7647120|2026-09-18:7647120,2026-09-15,none,"Use 3 installments of IDR 7647120, starting 20 July 2026. This leaves at least IDR 19407110.2 available."
request_226,157000,affordable_now,full_payment,2024-12-03:157000,2024-12-03,none,Pay INR 157000 today. This leaves at least INR 209400 available over the next 90 days.
request_227,7131.82,not_affordable,not_recommended,none,,none,Do not make this payment by 20 June 2025. None of the available options keeps the INR 62900 minimum protected.
request_228,0,not_affordable,not_recommended,none,,none,Do not make this payment by 30 April 2026. None of the available options keeps the IDR 26191200 minimum protected.
request_229,382.32,affordable_with_plan,installments,2024-03-18:529.29|2024-04-18:529.29|2024-05-19:529.29,2024-05-15,stop:event_21003|stop:event_21004,"Use 3 installments of EUR 529.29, starting 18 March 2024. This leaves at least EUR 1022.83 available."
request_230,3537.6,affordable_now,full_payment,2025-08-06:3537.60,2025-08-06,none,Pay EUR 3537.6 today. This leaves at least EUR 2000 available over the next 90 days.
request_231,31077.27,affordable_with_plan,installments,2026-01-06:12378.08|2026-02-05:12378.08|2026-03-07:12378.08,2026-01-15,none,"Use 3 installments of ZAR 12378.08, starting 6 January 2026. This leaves at least ZAR 42999.19 available."
request_232,752.75,affordable_later,wait,2024-08-15:1970.10,2024-08-15,none,Pay EUR 1970.1 in full on 15 August 2024. Paying earlier would take the balance below the EUR 2400 minimum.
request_233,0,not_affordable,not_recommended,none,,none,Do not make this payment by 17 December 2025. None of the available options keeps the IDR 10365700 minimum protected.
request_234,151.54,affordable_later,wait,2026-09-15:1213.30,2026-09-15,none,Pay EUR 1213.3 in full on 15 September 2026. Paying earlier would take the balance below the EUR 700 minimum.
request_235,967.2,affordable_now,full_payment,2024-09-06:967.20,2024-09-06,none,Pay USD 967.2 today. This leaves at least USD 700 available over the next 90 days.
request_236,7443718,not_affordable,not_recommended,none,,none,Do not make this payment by 23 February 2025. None of the available options keeps the IDR 16768600 minimum protected.
request_237,23826000,affordable_now,full_payment,2026-04-05:23826000,2026-04-05,none,Pay IDR 23826000 today. This leaves at least IDR 22431500 available over the next 90 days.
request_238,663.6,affordable_with_plan,installments,2024-12-07:230.05|2025-01-07:230.05|2025-02-07:230.05,2024-12-07,none,"Use 3 installments of USD 230.05, starting 7 December 2024. This leaves at least USD 1422.31 available."
request_239,634.4,affordable_later,wait,2025-05-15:642,2025-05-15,none,Pay USD 642 in full on 15 May 2025. Paying earlier would take the balance below the USD 600 minimum.
request_240,15809.74,not_affordable,not_recommended,none,,none,Do not make this payment by 20 March 2026. None of the available options keeps the INR 52800 minimum protected.
request_241,21052000,affordable_with_plan,installments,2024-03-17:7298026.67|2024-04-17:7298026.67|2024-05-18:7298026.67,2024-03-03,none,"Use 3 installments of IDR 7298026.67, starting 17 March 2024. This leaves at least IDR 80478711.74 available."
request_242,0,not_affordable,not_recommended,none,,none,Do not make this payment by 25 August 2025. None of the available options keeps the EUR 600 minimum protected.
request_243,17468,affordable_now,full_payment,2026-07-07:17468,2026-07-07,none,Pay ZAR 17468 today. This leaves at least ZAR 19900 available over the next 90 days.
request_244,49918,affordable_now,full_payment,2024-06-04:49918,2024-06-04,none,Pay ZAR 49918 today. This leaves at least ZAR 45900 available over the next 90 days.
request_245,0,not_affordable,not_recommended,none,,none,Do not make this payment by 15 January 2026. None of the available options keeps the INR 94600 minimum protected.
request_246,64086,affordable_with_plan,installments,2026-04-03:22216.48|2026-05-03:22216.48|2026-06-02:22216.48,2026-04-03,none,"Use 3 installments of ZAR 22216.48, starting 3 April 2026. This leaves at least ZAR 155072.11 available."
request_247,1059.3,affordable_now,full_payment,2024-09-05:1059.30,2024-09-05,none,Pay EUR 1059.3 today. This leaves at least EUR 1300 available over the next 90 days.
request_248,977.62,affordable_with_plan,partial_payment,2025-02-07:977.62|2025-02-15:987.98,2025-02-15,none,Pay USD 977.62 today and the remaining USD 987.98 on 15 February 2025. This completes the full request and keeps the USD 1300 minimum protected.
request_249,138.75,affordable_later,wait,2026-03-15:643.20,2026-03-15,none,Pay USD 643.2 in full on 15 March 2026. Paying earlier would take the balance below the USD 600 minimum.
request_250,17762.28,affordable_with_plan,partial_payment,2024-12-06:17762.28|2025-01-15:106515.72,2025-01-15,none,Pay ZAR 17762.28 today and the remaining ZAR 106515.72 on 15 January 2025. This completes the full request and keeps the ZAR 35300 minimum protected.
request_251,1513.6,not_affordable,not_recommended,none,2025-05-03,none,Do not make this payment by 6 June 2025. None of the available options keeps the EUR 1300 minimum protected.
request_252,5200297.2,affordable_later,wait,2026-08-15:28082000,2026-08-15,none,Pay IDR 28082000 in full on 15 August 2026. Paying earlier would take the balance below the IDR 15152200 minimum.
request_253,958.49,not_affordable,not_recommended,none,,none,Do not make this payment by 1 June 2024. None of the available options keeps the EUR 2300 minimum protected.
request_254,705.51,affordable_later,wait,2025-09-15:3535.20,2025-09-15,none,Pay USD 3535.2 in full on 15 September 2025. Paying earlier would take the balance below the USD 2500 minimum.
request_255,3345000,affordable_now,full_payment,2026-04-06:3345000,2026-04-06,none,Pay IDR 3345000 today. This leaves at least IDR 9813900 available over the next 90 days.
request_256,170322.62,affordable_with_plan,installments,2024-06-10:75816|2024-07-11:75816|2024-08-11:75816,2024-07-15,none,"Use 3 installments of INR 75816, starting 10 June 2024. This leaves at least INR 193142.53 available."
request_257,408.26,affordable_later,wait,2025-11-15:1352.40,2025-11-15,none,Pay USD 1352.4 in full on 15 November 2025. Paying earlier would take the balance below the USD 1600 minimum.
request_258,1113.6,affordable_now,full_payment,2026-01-07:1113.60,2026-01-07,none,Pay USD 1113.6 today. This leaves at least USD 500 available over the next 90 days.
request_259,177.66,affordable_later,wait,2024-11-15:935,2024-11-15,none,Pay EUR 935 in full on 15 November 2024. Paying earlier would take the balance below the EUR 600 minimum.
request_260,7866654.99,affordable_with_plan,partial_payment,2025-02-06:7866654.99|2025-03-15:44212345.01,2025-03-15,none,Pay IDR 7866654.99 today and the remaining IDR 44212345.01 on 15 March 2025. This completes the full request and keeps the IDR 20727700 minimum protected.
request_261,1830.4,affordable_now,full_payment,2026-07-03:1830.40,2026-07-03,none,Pay EUR 1830.4 today. This leaves at least EUR 1500 available over the next 90 days.
request_262,9236000,affordable_now,full_payment,2024-12-05:9236000,2024-12-05,none,Pay IDR 9236000 today. This leaves at least IDR 31018500 available over the next 90 days.
request_263,0,not_affordable,not_recommended,none,,none,Do not make this payment by 15 June 2025. None of the available options keeps the ZAR 24100 minimum protected.
request_264,26863.74,affordable_later,wait,2026-05-15:111300,2026-05-15,none,Pay INR 111300 in full on 15 May 2026. Paying earlier would take the balance below the INR 59500 minimum.
request_265,0,not_affordable,not_recommended,none,,none,Do not make this payment by 21 March 2024. None of the available options keeps the INR 189700 minimum protected.
request_266,756.97,not_affordable,not_recommended,none,2025-09-15,none,Do not make this payment by 3 October 2025. None of the available options keeps the EUR 900 minimum protected.
request_267,313.12,not_affordable,not_recommended,none,,none,Do not make this payment by 17 March 2026. None of the available options keeps the EUR 1500 minimum protected.
request_268,1134.52,affordable_with_plan,installments,2024-06-14:841.22|2024-07-15:841.22|2024-08-15:841.22,2024-08-15,none,"Use 3 installments of EUR 841.22, starting 14 June 2024. This leaves at least EUR 1693.3 available."
request_269,0,not_affordable,not_recommended,none,,none,Do not make this payment by 2 January 2026. None of the available options keeps the ZAR 23100 minimum protected.
request_270,183.44,not_affordable,not_recommended,none,2026-08-15,none,Do not make this payment by 30 August 2026. None of the available options keeps the USD 1400 minimum protected.
request_271,0,not_affordable,not_recommended,none,,none,Do not make this payment by 15 November 2024. None of the available options keeps the INR 58200 minimum protected.
request_272,6128654.63,affordable_with_plan,installments,2025-02-12:4709466.67|2025-03-12:4709466.67|2025-04-09:4709466.67,2025-03-15,none,"Use 3 installments of IDR 4709466.67, starting 12 February 2025. This leaves at least IDR 8927787.96 available."
request_273,10756514.78,affordable_with_plan,partial_payment,2026-04-07:10756514.78|2026-04-15:5104485.22,2026-04-15,none,Pay IDR 10756514.78 today and the remaining IDR 5104485.22 on 15 April 2026. This completes the full request and keeps the IDR 18774600 minimum protected.
request_274,1895.9,not_affordable,not_recommended,none,,none,Do not make this payment by 11 February 2025. None of the available options keeps the EUR 1800 minimum protected.
request_275,15884000,affordable_now,full_payment,2025-05-06:15884000,2025-05-06,none,Pay IDR 15884000 today. This leaves at least IDR 12760100 available over the next 90 days.
